fold,best_iteration,roc_auc,valid_rows
1,1399.0,0.7937261962729356,7612
2,1382.0,0.7967825729963367,5053
3,1389.0,0.7574424609281489,8721
OOF_TIME_HOLDOUT,,0.7821521762095369,21386
