fold,valid_rows,valid_positive_rate,roc_auc
1,7612,0.10759327377824487,0.7959514274102821
2,5053,0.09321195329507223,0.7926845655620952
3,8721,0.0784313725490196,0.7548003495529084
OOF_TIME_HOLDOUT,21386,0.09230337604040026,0.7811396573965571
