{
  "run_id": "blend_ext_raw_fold3best070_t041004_t164026_20260617T123116Z",
  "created_at_utc": "2026-06-17T12:31:17.040207+00:00",
  "validation_level": "L3",
  "metric": "ROC-AUC",
  "positive_class": 1,
  "blend_type": "raw_probability_blend",
  "weights": {
    "fold3best": 0.7,
    "t041": 0.04,
    "t164": 0.26
  },
  "fold_metrics": [
    {
      "fold": 1,
      "valid_rows": 7612,
      "valid_positive_rate": 0.10759327377824487,
      "roc_auc": 0.7959514274102821
    },
    {
      "fold": 2,
      "valid_rows": 5053,
      "valid_positive_rate": 0.09321195329507223,
      "roc_auc": 0.7926845655620952
    },
    {
      "fold": 3,
      "valid_rows": 8721,
      "valid_positive_rate": 0.0784313725490196,
      "roc_auc": 0.7548003495529084
    },
    {
      "fold": "OOF_TIME_HOLDOUT",
      "valid_rows": 21386,
      "valid_positive_rate": 0.09230337604040026,
      "roc_auc": 0.7811396573965571
    }
  ],
  "test_prediction_min": 0.001878374061726434,
  "test_prediction_mean": 0.23729419395324886,
  "test_prediction_max": 0.9768421550242025,
  "test_prediction_nan_count": 0,
  "test_rows": 36311
}
